"","V1","V2","V3","V4","V5","V6","V7","V8","V9","V10","V11","V12","V13","V14","V15","V16","V17","V18","V19","V20","V21","V22","V23","V24","V25","V26","V27","V28","V29","V30","V31","V32","V33","V34","V35","V36","V37","V38","V39","V40","V41","V42","V43","V44","V45","V46","V47","V48","V49","V50","V51","V52","V53","V54","V55","V56","V57","V58","V59","V60","V61","V62","V63","V64","V65","V66","V67","V68","V69","V70","V71","V72","V73","V74","V75","V76","V77","V78","V79","V80","V81","V82","V83","V84","V85","V86","V87","V88","V89","V90","V91","V92","V93","V94","V95","V96","V97","V98","V99","V100","V101","V102","V103","V104","V105","V106","V107","V108","V109","V110","V111","V112","V113","V114","V115","V116","V117","V118","V119","V120","V121","V122","V123","V124","V125","V126","V127","V128","V129","V130","V131","V132","V133","V134","V135","V136","V137","V138","V139","V140","V141","V142","V143","V144","V145","V146","V147"
"1",0.000186046569873921,5.98108456833165e-05,6.14135426347939e-05,0.000140443774184225,7.55926575200942e-05,0.000275504142427525,0.000222106040868683,0.000275504142427525,0.00020248341411666,0.000245940040503852,0.000222106040868683,0.000245940040503852,8.09313342887128e-05,4.29844835156737e-05,0.000245940040503852,0.00020248341411666,0.000430896509019519,0.000313147110497672,0.000430896509019519,0.000222106040868683,0.000313147110497672,0.000107504939372782,0.000530667074995257,0.000362704532862078,8.70813948204982e-05,0.000245940040503852,0.000313147110497672,0.265504832593129,0.000186046569873921,0.000313147110497672,0.000275504142427525,0.000430896509019519,0.000430896509019519,0.000430896509019519,0.000245940040503852,0.000362704532862078,0.000530667074995257,0.000172077928900123,0.000362704532862078,0.000313147110497672,0.270006657226433,0.000275504142427525,0.000362704532862078,0.000186046569873921,0.000362704532862078,0.000313147110497672,0.000222106040868683,0.000149611796172262,0.000140443774184225,0.251830817959496,0.000313147110497672,0.000186046569873921,0.000107504939372782,9.42430252987267e-05,0.000313147110497672,0.00020248341411666,0.000245940040503852,0.000102688166846559,0.000313147110497672,0.000140443774184225,0.000222106040868683,0.000275504142427525,0.000125110542048978,0.000275504142427525,0.000140443774184225,0.000149611796172262,0.000149611796172262,0.00020248341411666,0.000132334484069634,0.000362704532862078,5.98108456833165e-05,6.14135426347939e-05,0.000245940040503852,0.000430896509019519,0.000362704532862078,0.000362704532862078,0.000245940040503852,0.000275504142427525,0.000149611796172262,0.000362704532862078,0.000172077928900123,0.000430896509019519,0.000222106040868683,0.000362704532862078,0.000245940040503852,0.000245940040503852,0.000313147110497672,0.000275504142427525,0.000245940040503852,0.000275504142427525,0.000186046569873921,0.000313147110497672,0.000222106040868683,0.000275504142427525,0.000149611796172262,0.000275504142427525,0.000172077928900123,0.000245940040503852,0.000140443774184225,0.000430896509019519,0.000140443774184225,0.000313147110497672,0.000275504142427525,0.000245940040503852,0.00020248341411666,0.000362704532862078,0.000140443774184225,8.70813948204982e-05,8.70813948204982e-05,0.000362704532862078,0.000245940040503852,0.000530667074995257,0.000172077928900123,0.000125110542048978,5.41574962484412e-05,0.000112795829954246,0.000140443774184225,0.000222106040868683,0.000149611796172262,0.000275504142427525,0.000125110542048978,0.000140443774184225,0.000313147110497672,0.000222106040868683,0.000275504142427525,0.000112795829954246,9.82845165418025e-05,0.000245940040503852,0.000125110542048978,0.000222106040868683,0.000186046569873921,0.000275504142427525,0.178862211767337,0.000149611796172262,0.000275504142427525,0.000112795829954246,0.000149611796172262,0.000430896509019519,0.000245940040503852,0.000140443774184225,0.000112795829954246,0.000186046569873921,0.000530667074995257,8.38938039029657e-05,0.000245940040503852,0.000275504142427525,0.000245940040503852
"2",0.000187866253354894,6.03958433424869e-05,6.20142159453325e-05,0.000141817426039573,7.63320138557973e-05,0.000278198792144822,0.000224278414666634,0.000278198792144822,0.000204463863012271,0.000248345529781713,0.000224278414666634,0.000248345529781713,8.17229071309212e-05,4.34049059649809e-05,0.000248345529781713,0.000204463863012271,0.000435111019719732,0.000316209938393252,0.000435111019719731,0.000224278414666634,0.000316209938393252,0.113002339246577,0.000535857421212977,0.000366252071778653,8.79331201479916e-05,0.000248345529781713,0.000316209938393252,0.000435111019719732,0.0932223558973112,0.000316209938393252,0.000278198792144822,0.000435111019719731,0.000435111019719731,0.000435111019719731,0.000248345529781713,0.000366252071778653,0.000535857421212977,0.000173760987958249,0.000366252071778653,0.000316209938393252,0.000316209938393252,0.000278198792144822,0.000366252071778653,0.000187866253354893,0.000366252071778653,0.000316209938393252,0.000224278414666634,0.000151075118577173,0.000141817426039573,5.73999341185595e-05,0.000316209938393252,0.000187866253354894,0.000108556423215952,9.51647970704351e-05,0.0786124172492119,0.000204463863012271,0.000248345529781713,0.000103692538821966,0.000316209938393252,0.000141817426039573,0.000224278414666634,0.000278198792144822,0.000126334222694186,0.000278198792144822,0.000141817426039573,0.000151075118577173,0.000151075118577173,0.000204463863012271,0.00013362882061552,0.000366252071778653,6.03958433424869e-05,6.20142159453325e-05,0.000248345529781713,0.000435111019719732,0.000366252071778653,0.000366252071778653,0.0248453119417888,0.000278198792144822,0.112373437866528,0.000366252071778653,0.000173760987958249,0.000435111019719731,0.000224278414666634,0.000366252071778653,0.000248345529781713,0.000248345529781713,0.000316209938393252,0.000278198792144822,0.000248345529781713,0.000278198792144822,0.000187866253354893,0.000316209938393252,0.000224278414666634,0.000278198792144822,0.000151075118577173,0.000278198792144822,0.000173760987958249,0.000248345529781713,0.000141817426039573,0.000435111019719732,0.000141817426039573,0.000316209938393252,0.110493129614725,0.110934694383813,0.000204463863012271,0.000366252071778653,0.000141817426039573,8.79331201479916e-05,8.79331201479916e-05,0.000366252071778653,0.000248345529781713,0.000535857421212977,0.112037887247202,0.000126334222694186,0.100258123365908,0.000113899062916989,0.000141817426039573,0.000224278414666634,0.000151075118577173,0.000278198792144822,0.000126334222694186,0.000141817426039573,0.000316209938393252,0.000224278414666634,0.000278198792144822,0.000113899062916989,9.92458173134731e-05,0.000248345529781713,0.000126334222694186,0.000224278414666634,0.000187866253354894,0.000278198792144822,0.000366252071778653,0.000151075118577173,0.000278198792144822,0.000113899062916989,0.000151075118577173,0.000435111019719731,0.000248345529781713,0.000141817426039573,0.000113899062916989,0.000187866253354893,0.000535857421212977,8.47143520550849e-05,0.110934694383813,0.000278198792144822,0.000248345529781713
"3",0.00532183940375737,0.00171088193426641,0.00175672688477764,0.00401737700390025,0.00216231873394815,0.00788076233849829,0.00635331616653035,0.00788076233849829,0.00579201332539275,0.00703508481452821,0.00635331616653035,0.00703508481452821,0.00231503093074067,0.00122956589997275,0.00703508481452821,0.00579201332539275,0.0123257420020997,0.00895753484167233,0.0123257420020997,0.00635331616653035,0.00895753484167233,0.00307516565793357,0.0151796668538435,0.0103751188544616,0.00249095266095976,0.00703508481452821,0.00895753484167233,0.0123257420020997,0.00532183940375737,0.00895753484167233,0.00788076233849829,0.0123257420020997,0.0123257420020997,0.0123257420020997,0.00703508481452821,0.0103751188544616,0.0151796668538435,0.00492226813511386,0.0103751188544616,0.00895753484167233,0.00895753484167233,0.00788076233849829,0.0103751188544616,0.00532183940375737,0.0103751188544616,0.00895753484167233,0.00635331616653035,0.00427962715290066,0.00401737700390025,0.00162601438901411,0.00895753484167233,0.00532183940375737,0.00307516565793357,0.00269581022592328,0.00895753484167233,0.00579201332539275,0.00703508481452821,0.00293738246823883,0.00895753484167233,0.00401737700390025,0.00635331616653035,0.00788076233849829,0.00357877177178221,0.00788076233849829,0.00401737700390025,0.00427962715290066,0.00427962715290066,0.00579201332539275,0.00378541175080487,0.0103751188544616,0.00171088193426641,0.00175672688477764,0.00703508481452821,0.0123257420020997,0.0103751188544616,0.0103751188544616,0.00703508481452821,0.00788076233849829,0.00427962715290066,0.0103751188544616,0.00492226813511386,0.0123257420020997,0.00635331616653035,0.0103751188544616,0.00703508481452821,0.00703508481452821,0.00895753484167233,0.00788076233849829,0.00703508481452821,0.00788076233849829,0.00532183940375737,0.00895753484167233,0.00635331616653035,0.00788076233849829,0.00427962715290066,0.00788076233849829,0.00492226813511386,0.00703508481452821,0.00401737700390025,0.0123257420020997,0.00401737700390025,0.00895753484167233,0.00788076233849829,0.00703508481452821,0.00579201332539275,0.0103751188544616,0.00401737700390025,0.00249095266095976,0.00249095266095976,0.0103751188544616,0.00703508481452821,0.0151796668538435,0.00492226813511386,0.00357877177178221,0.0015491685642961,0.00322651093668008,0.00401737700390025,0.00635331616653035,0.00427962715290066,0.00788076233849829,0.00357877177178221,0.00401737700390025,0.00895753484167233,0.00635331616653035,0.00788076233849829,0.00322651093668008,0.00281141658922209,0.00703508481452821,0.00357877177178221,0.00635331616653035,0.00532183940375737,0.00788076233849829,0.0103751188544616,0.00427962715290066,0.00788076233849829,0.00322651093668008,0.00427962715290066,0.0123257420020997,0.00703508481452821,0.00401737700390025,0.00322651093668008,0.00532183940375737,0.0151796668538435,0.00239977201216049,0.00703508481452821,0.00788076233849829,0.00703508481452821
"4",0.000141856244732672,4.5604398773223e-05,4.68264184596658e-05,0.000107085158384584,5.76376685279949e-05,0.000210065593144494,0.000169350764765102,0.000210065593144494,0.000154388961681503,0.000187523643133654,0.000169350764765102,0.000187523643133654,6.1708287184125e-05,3.27746833356782e-05,0.000187523643133654,0.000154388961681503,0.000328548710569347,0.000238767493397971,0.000328548710569347,0.000169350764765102,0.000238767493397971,8.19700519067408e-05,0.00040462148005799,0.000276553891932541,0.196733000280734,0.000187523643133654,0.000238767493397971,0.000328548710569347,0.000141856244732672,0.000238767493397971,0.000210065593144494,0.000328548710569347,0.000328548710569347,0.000328548710569347,0.000187523643133654,0.000276553891932541,0.00040462148005799,0.000131205476197112,0.000276553891932541,0.000238767493397971,0.000238767493397971,0.000210065593144494,0.000276553891932541,0.000141856244732672,0.000276553891932541,0.000238767493397971,0.000169350764765102,0.000114075564989398,0.000107085158384584,4.33422126462475e-05,0.000238767493397971,0.000141856244732672,8.19700519067409e-05,7.1858146431742e-05,0.000238767493397971,0.000154388961681503,0.000187523643133654,7.82973732716838e-05,0.000238767493397971,0.000107085158384584,0.000169350764765102,0.000210065593144494,9.53939203693148e-05,0.000210065593144494,0.000107085158384584,0.000114075564989398,0.000114075564989398,0.000154388961681503,0.000100902010563675,0.000276553891932541,4.5604398773223e-05,4.68264184596658e-05,0.000187523643133654,0.000328548710569347,0.000276553891932541,0.000276553891932541,0.000187523643133654,0.000210065593144494,0.000114075564989398,0.000276553891932541,0.000131205476197112,0.000328548710569347,0.000169350764765102,0.189308900045507,0.000187523643133654,0.000187523643133654,0.000238767493397971,0.000210065593144494,0.000187523643133654,0.000210065593144494,0.000141856244732672,0.000238767493397971,0.000169350764765102,0.000210065593144494,0.000114075564989398,0.000210065593144494,0.194443559731084,0.000187523643133654,0.000107085158384584,0.000328548710569347,0.000107085158384584,0.000238767493397971,0.000210065593144494,0.000187523643133654,0.000154388961681503,0.000276553891932541,0.000107085158384584,0.196733000280734,0.196733000280734,0.000276553891932541,0.000187523643133654,0.00040462148005799,0.000131205476197112,9.53939203693149e-05,4.12938494223995e-05,8.60042346905809e-05,0.000107085158384584,0.000169350764765102,0.000114075564989398,0.000210065593144494,9.53939203693149e-05,0.000107085158384584,0.000238767493397971,0.000169350764765102,0.000210065593144494,8.60042346905809e-05,7.49396908603827e-05,0.000187523643133654,9.53939203693149e-05,0.000169350764765102,0.000141856244732672,0.000210065593144494,0.000276553891932541,0.000114075564989398,0.000210065593144494,8.60042346905809e-05,0.000114075564989398,0.000328548710569347,0.000187523643133654,0.000107085158384584,8.60042346905809e-05,0.000141856244732672,0.00040462148005799,6.3967102355495e-05,0.000187523643133654,0.000210065593144494,0.000187523643133654
"5",0.000159573307311645,5.13001366553604e-05,5.26747798607625e-05,0.000120459504053711,6.48362954346989e-05,0.00023630162714105,0.000190501741253973,0.00023630162714105,0.00017367129148495,0.000210944311900806,0.000190501741253973,0.000210944311900806,6.94153119100557e-05,3.68680605201548e-05,0.000210944311900806,0.00017367129148495,0.123880230712181,0.125931717208669,0.000369582632455321,0.12751787838923,0.000268588236434898,9.22076592956168e-05,0.00045515647128445,0.000311093947740876,7.46902573169442e-05,0.000210944311900806,0.000268588236434898,0.000369582632455321,0.000159573307311645,0.000268588236434898,0.00023630162714105,0.000369582632455321,0.000369582632455321,0.000369582632455321,0.000210944311900806,0.000311093947740876,0.00045515647128445,0.000147592316528808,0.000311093947740876,0.000268588236434898,0.000268588236434898,0.126587551052859,0.000311093947740876,0.000159573307311645,0.000311093947740876,0.000268588236434898,0.000190501741253973,0.000128322973888862,0.000120459504053711,4.87554159578946e-05,0.000268588236434898,0.000159573307311645,9.22076592956168e-05,8.0832832597581e-05,0.000268588236434898,0.00017367129148495,0.000210944311900806,8.80762833551829e-05,0.000268588236434898,0.000120459504053711,0.000190501741253973,0.00023630162714105,0.000107308094891711,0.00023630162714105,0.000120459504053711,0.000128322973888862,0.000128322973888862,0.00017367129148495,0.00011350411517225,0.000311093947740876,5.13001366553604e-05,5.26747798607625e-05,0.000210944311900806,0.000369582632455321,0.000311093947740876,0.000311093947740876,0.000210944311900806,0.00023630162714105,0.000128322973888862,0.000311093947740876,0.000147592316528808,0.000369582632455321,0.000190501741253973,0.000311093947740876,0.084805402114785,0.000210944311900806,0.000268588236434898,0.126587551052859,0.000210944311900806,0.00023630162714105,0.000159573307311645,0.000268588236434898,0.000190501741253973,0.00023630162714105,0.000128322973888862,0.00023630162714105,0.000147592316528808,0.127102631016227,0.000120459504053711,0.000369582632455321,0.000120459504053711,0.000268588236434898,0.00023630162714105,0.000210944311900806,0.00017367129148495,0.000311093947740876,0.000120459504053711,7.46902573169442e-05,7.46902573169442e-05,0.000311093947740876,0.000210944311900806,0.00045515647128445,0.000147592316528808,0.000107308094891711,4.64512234648468e-05,9.67456892591916e-05,0.000120459504053711,0.000190501741253973,0.000128322973888862,0.00023630162714105,0.000107308094891711,0.000120459504053711,0.000268588236434898,0.000190501741253973,0.00023630162714105,9.67456892591916e-05,8.42992449295347e-05,0.000210944311900806,0.000107308094891711,0.000190501741253973,0.000159573307311645,0.00023630162714105,0.000311093947740876,0.000128322973888862,0.00023630162714105,0.129422333311584,0.000128322973888862,0.000369582632455321,0.000210944311900806,0.000120459504053711,9.67456892591916e-05,0.000159573307311645,0.00045515647128445,7.19562406381529e-05,0.000210944311900806,0.00023630162714105,0.000210944311900806
"6",0.000196862489432166,6.32879820586861e-05,6.49838526779993e-05,0.000148608550159737,7.99872781975159e-05,0.0669949479050455,0.000235018297585181,0.000291520727116395,0.000214254898645769,0.000260237899884134,0.000235018297585181,0.000260237899884134,8.56363218732803e-05,4.54834100816045e-05,0.000260237899884134,0.0124702753973413,0.000455946914316655,0.000331352089817285,0.000455946914316655,0.000235018297585181,0.000331352089817285,0.000113754798089113,0.00056151769696183,0.0333147410465498,9.21439195530776e-05,0.000260237899884134,0.000331352089817285,0.000455946914316655,0.000196862489432166,0.0666715063063216,0.000291520727116395,0.000455946914316655,0.000455946914316655,0.000455946914316655,0.000260237899884134,0.00038379056015893,0.00056151769696183,0.000182081773840637,0.00038379056015893,0.000331352089817285,0.000331352089817285,0.000291520727116395,0.00038379056015893,0.000196862489432166,0.00038379056015893,0.000331352089817285,0.000235018297585181,0.000158309560143188,0.000148608550159737,6.01486095668049e-05,0.000331352089817285,0.000196862489432166,0.000113754798089113,9.97218953539363e-05,0.000331352089817285,0.000214254898645769,0.000260237899884134,0.000108657999845623,0.000331352089817285,0.000148608550159737,0.000235018297585181,0.000291520727116395,0.000132383912149847,0.000291520727116395,0.000148608550159737,0.000158309560143188,0.000158309560143188,0.000214254898645769,0.000140027822008887,0.0662456915329406,6.32879820586861e-05,6.49838526779993e-05,0.000260237899884134,0.0656597621304716,0.00038379056015893,0.0662456915329406,0.0523625874604757,0.000291520727116395,0.000158309560143188,0.00038379056015893,0.000182081773840637,0.000455946914316655,0.000235018297585181,0.00038379056015893,0.000260237899884134,0.0672489730492161,0.0666715063063216,0.000291520727116395,0.000260237899884134,0.0669949479050455,0.000196862489432166,0.000331352089817285,0.000235018297585181,0.000291520727116395,0.000158309560143188,0.000291520727116395,0.000182081773840637,0.000260237899884134,0.000148608550159737,0.0656597621304716,0.000148608550159737,0.000331352089817285,0.000291520727116395,0.000260237899884134,0.000214254898645769,0.00038379056015893,0.000148608550159737,9.21439195530776e-05,9.21439195530776e-05,0.0662456915329406,0.000260237899884134,0.00056151769696183,0.000182081773840637,0.000132383912149847,5.73059720483232e-05,0.000119353277501477,0.000148608550159737,0.000235018297585181,0.000158309560143188,0.0253053059188398,0.000132383912149847,0.000148608550159737,0.000331352089817285,0.000235018297585181,0.0669949479050455,0.0683929948553803,0.000103998340910924,0.000260237899884134,0.000132383912149847,0.000235018297585181,0.000196862489432166,0.000291520727116395,0.00038379056015893,0.000158309560143188,0.000291520727116395,0.000119353277501477,0.000158309560143188,0.000455946914316655,0.000260237899884134,0.000148608550159737,0.000119353277501477,0.000196862489432166,0.00056151769696183,8.87710162862124e-05,0.000260237899884134,0.000291520727116395,0.0449193946661054
"7",0.00018041785314191,5.80013078451205e-05,5.95555162533625e-05,0.000136194740073071,0.269504107222718,0.000267168945614861,0.316871583350038,0.000267168945614861,0.000196357411461703,0.000238499286170172,0.00021538636853414,0.000238499286170172,7.8482809944708e-05,4.16840162093133e-05,0.000238499286170172,0.14453648345045,0.000417860018254185,0.000303673050418877,0.000417860018254185,0.00021538636853414,0.000303673050418877,0.000104252448066807,0.000514612091309304,0.00035173114553072,8.4446804435923e-05,0.000238499286170172,0.000303673050418877,0.000417860018254185,0.00018041785314191,0.000303673050418877,0.000267168945614861,0.000417860018254185,0.000417860018254185,0.000417860018254185,0.000238499286170172,0.00035173114553072,0.000514612091309304,0.000166871824222857,0.00035173114553072,0.000303673050418877,0.000303673050418877,0.000267168945614861,0.00035173114553072,0.00018041785314191,0.00035173114553072,0.000303673050418877,0.00021538636853414,0.000145085389579592,0.000136194740073071,5.5124178500512e-05,0.000303673050418877,0.00018041785314191,0.000104252448066807,9.13917644894906e-05,0.000303673050418877,0.000196357411461704,0.000238499286170172,9.95814038285652e-05,0.000303673050418877,0.000136194740073071,0.00021538636853414,0.000267168945614861,0.000121325404801571,0.235938635563663,0.000136194740073071,0.000145085389579592,0.000145085389579592,0.000196357411461703,0.000128330791202791,0.00035173114553072,5.80013078451205e-05,5.95555162533625e-05,0.000238499286170172,0.000417860018254185,0.00035173114553072,0.00035173114553072,0.000238499286170172,0.000267168945614861,0.000145085389579592,0.00035173114553072,0.000166871824222857,0.000417860018254185,0.00021538636853414,0.00035173114553072,0.000238499286170172,0.000238499286170172,0.000303673050418877,0.000267168945614861,0.000238499286170172,0.000267168945614861,0.00018041785314191,0.000303673050418877,0.00021538636853414,0.000267168945614861,0.000145085389579592,0.000267168945614861,0.000166871824222857,0.000238499286170172,0.000136194740073071,0.000417860018254185,0.000136194740073071,0.000303673050418877,0.000267168945614861,0.000238499286170172,0.000196357411461703,0.00035173114553072,0.000136194740073071,8.4446804435923e-05,8.4446804435923e-05,0.00035173114553072,0.000238499286170172,0.000514612091309304,0.000166871824222857,0.000121325404801571,5.25189967829363e-05,0.00010938326623004,0.000136194740073071,0.00021538636853414,0.000145085389579592,0.000267168945614861,0.000121325404801571,0.000136194740073071,0.000303673050418877,0.00021538636853414,0.000267168945614861,0.00010938326623004,9.53109830704174e-05,0.000238499286170172,0.000121325404801571,0.00021538636853414,0.00018041785314191,0.000267168945614861,0.00035173114553072,0.000145085389579592,0.000267168945614861,0.00010938326623004,0.000145085389579592,0.000417860018254185,0.000238499286170172,0.000136194740073071,0.00010938326623004,0.00018041785314191,0.000514612091309304,8.13556519872346e-05,0.000238499286170172,0.000267168945614861,0.000238499286170172
"8",0.000209401879705079,6.73191853057245e-05,6.91230764199998e-05,0.285491027926627,8.50821629624083e-05,0.000310089486357934,0.000249988067413839,0.000310089486357934,0.000227902119097731,0.000276814062259521,0.000249988067413839,0.000276814062259521,9.10910291900639e-05,4.83805299524406e-05,0.000276814062259521,0.000227902119097731,0.000484988995003729,0.000352457955053211,0.000484988995003728,0.000249988067413839,0.000352457955053211,0.000121000545172624,0.000597284234140453,0.000408236556096369,9.80131360395941e-05,0.000276814062259521,0.000352457955053211,0.000484988995003729,0.000209401879705079,0.000352457955053211,0.000310089486357934,0.000484988995003728,0.000484988995003729,0.000484988995003729,0.000276814062259521,0.000408236556096369,0.000597284234140453,0.000193679688864254,0.000408236556096369,0.000352457955053211,0.000352457955053211,0.000310089486357934,0.000408236556096369,0.000209401879705079,0.000408236556096369,0.000352457955053211,0.225871141503147,0.000168393275757547,0.000158074348411703,6.39798467512313e-05,0.000352457955053211,0.000209401879705079,0.000121000545172624,0.000106073800016955,0.000352457955053211,0.000227902119097731,0.000276814062259521,0.0001155791003065,0.000352457955053211,0.000158074348411703,0.000249988067413839,0.000310089486357934,0.000140816262797703,0.000310089486357934,0.000158074348411703,0.000168393275757547,0.000168393275757547,0.000227902119097731,0.000148947060581457,0.000408236556096369,6.73191853057245e-05,6.91230764199998e-05,0.449975056016746,0.000484988995003729,0.000408236556096369,0.000408236556096369,0.000276814062259521,0.000310089486357934,0.000168393275757547,0.000408236556096368,0.000193679688864254,0.000484988995003728,0.000249988067413839,0.000408236556096369,0.000276814062259521,0.000276814062259521,0.000352457955053211,0.000310089486357934,0.000276814062259521,0.000310089486357934,0.000209401879705079,0.000352457955053211,0.000249988067413839,0.000310089486357934,0.000168393275757547,0.000310089486357934,0.000193679688864254,0.000276814062259521,0.000158074348411703,0.000484988995003729,0.000158074348411703,0.000352457955053211,0.000310089486357934,0.000276814062259521,0.000227902119097731,0.000408236556096369,0.000158074348411703,9.80131360395941e-05,9.80131360395941e-05,0.000408236556096369,0.000276814062259521,0.000597284234140453,0.000193679688864254,0.000140816262797703,6.09561440569942e-05,0.000126955626386017,0.000158074348411703,0.000249988067413839,0.000168393275757547,0.000310089486357934,0.000140816262797703,0.000158074348411703,0.000352457955053211,0.000249988067413839,0.000310089486357934,0.000126955626386017,0.000110622638857065,0.000276814062259521,0.000140816262797703,0.000249988067413839,0.000209401879705079,0.000310089486357934,0.000408236556096369,0.000168393275757547,0.000310089486357934,0.000126955626386017,0.000168393275757547,0.000484988995003729,0.000276814062259521,0.000158074348411703,0.000126955626386017,0.000209401879705079,0.000597284234140453,9.44253916898086e-05,0.000276814062259521,0.000310089486357934,0.000276814062259521
"9",0.000230241671174878,7.40188280484919e-05,7.60022434092003e-05,0.000173805995435425,9.35495871155878e-05,0.000340949764411682,0.000274867018845314,0.000340949764411682,0.000250583064675731,0.114985554143017,0.000274867018845314,0.000304362751609974,0.000100156459050406,5.3195387186899e-05,0.000304362751609974,0.000250583064675731,0.000533255369380403,0.000387534766663142,0.000533255369380403,0.000274867018845314,0.000387534766663142,0.000133042586689543,0.00065672629313828,0.000448864485088118,0.000107767457821437,0.000304362751609974,0.000387534766663142,0.000533255369380403,0.000230241671174878,0.000387534766663142,0.000340949764411682,0.000533255369380403,0.000533255369380403,0.000533255369380403,0.000304362751609974,0.000448864485088118,0.00065672629313828,0.00021295479916198,0.000448864485088118,0.000387534766663142,0.000387534766663142,0.000340949764411682,0.000448864485088118,0.000230241671174878,0.000448864485088118,0.000387534766663142,0.000274867018845314,0.000185151868166775,0.000173805995435425,7.03471566647963e-05,0.000387534766663142,0.000230241671174878,0.000133042586689543,0.000116630323558557,0.000387534766663142,0.000250583064675731,0.000304362751609974,0.000127081596616689,0.000387534766663142,0.000173805995435425,0.000274867018845314,0.000340949764411682,0.000154830375547758,0.000340949764411682,0.000173805995435425,0.000185151868166775,0.000185151868166775,0.000250583064675731,0.000163770354846669,0.000448864485088118,7.40188280484919e-05,7.60022434092003e-05,0.000304362751609974,0.000533255369380403,0.000448864485088118,0.000448864485088118,0.000304362751609974,0.000340949764411682,0.000185151868166775,0.000448864485088118,0.00021295479916198,0.000533255369380403,0.000274867018845314,0.000448864485088118,0.000304362751609974,0.000304362751609974,0.000387534766663142,0.000340949764411682,0.000304362751609974,0.000340949764411682,0.000230241671174878,0.000387534766663142,0.000274867018845314,0.000340949764411682,0.000185151868166775,0.000340949764411682,0.00021295479916198,0.000304362751609974,0.000173805995435425,0.000533255369380403,0.000173805995435425,0.000387534766663142,0.000340949764411682,0.000304362751609974,0.000250583064675731,0.000448864485088118,0.262128050029162,0.000107767457821437,0.000107767457821437,0.000448864485088118,0.000304362751609974,0.248105381940961,0.00021295479916198,0.000154830375547758,6.7022533397624e-05,0.000139590320895581,0.000173805995435425,0.000274867018845314,0.000185151868166775,0.000340949764411682,0.000154830375547758,0.000173805995435425,0.000387534766663142,0.000274867018845314,0.000340949764411682,0.000139590320895581,0.000121631865368626,0.000304362751609974,0.204340334124454,0.000274867018845314,0.000230241671174878,0.000340949764411682,0.000448864485088118,0.000185151868166775,0.000340949764411682,0.000139590320895581,0.000185151868166775,0.000533255369380403,0.000304362751609974,0.000173805995435425,0.000139590320895581,0.000230241671174878,0.00065672629313828,0.000103822659159619,0.000304362751609974,0.128807803807894,0.000304362751609974
"10",0.000148928459211389,4.78779968788616e-05,4.91609401103766e-05,0.000112423867364301,6.05111828709933e-05,0.000220538370935254,0.000177793712996326,0.000220538370935254,0.000162085992236737,0.00019687259655175,0.000177793712996326,0.00019687259655175,6.47847413994672e-05,3.44086585650295e-05,0.00019687259655175,0.000162085992236737,0.00034492844028961,0.000250671198638713,0.00034492844028961,0.000177793712996326,0.000250671198638713,8.60566523169559e-05,0.000424793802362581,0.000290341430453364,6.9707804693116e-05,0.00019687259655175,0.000250671198638713,0.00034492844028961,0.000148928459211389,0.000250671198638713,0.000220538370935254,0.00034492844028961,0.00034492844028961,0.00034492844028961,0.00019687259655175,0.000290341430453364,0.000424793802362581,0.000137746698758001,0.000290341430453364,0.000250671198638713,0.000250671198638713,0.000220538370935254,0.000290341430453364,0.000148928459211389,0.000290341430453364,0.000250671198638713,0.000177793712996326,0.000119762779280924,0.000112423867364301,4.55030299186496e-05,0.000250671198638713,0.000148928459211389,8.60566523169559e-05,7.54406198333612e-05,0.000250671198638713,0.000162085992236737,0.00019687259655175,8.22008730290692e-05,0.000250671198638713,0.324117625332968,0.000177793712996326,0.000220538370935254,0.000100149765035081,0.000220538370935254,0.000112423867364301,0.000119762779280924,0.000119762779280924,0.000162085992236737,0.000105932459955486,0.000290341430453364,4.78779968788616e-05,4.91609401103766e-05,0.00019687259655175,0.00034492844028961,0.000290341430453364,0.000290341430453364,0.00019687259655175,0.000220538370935254,0.000119762779280924,0.000290341430453364,0.000137746698758001,0.00034492844028961,0.000177793712996326,0.000290341430453364,0.00019687259655175,0.00019687259655175,0.000250671198638713,0.000220538370935254,0.00019687259655175,0.000220538370935254,0.000148928459211389,0.000250671198638713,0.000177793712996326,0.000220538370935254,0.000119762779280924,0.000220538370935254,0.000137746698758001,0.00019687259655175,0.000112423867364301,0.00034492844028961,0.000112423867364301,0.000250671198638713,0.000220538370935254,0.00019687259655175,0.000162085992236737,0.000290341430453364,0.000112423867364301,6.9707804693116e-05,6.9707804693116e-05,0.000290341430453364,0.00019687259655175,0.000424793802362581,0.000137746698758001,0.000100149765035081,4.33525459592875e-05,9.02919584700734e-05,0.324117625332968,0.000177793712996326,0.000119762779280924,0.000220538370935254,0.000100149765035081,0.000112423867364301,0.000250671198638713,0.000177793712996326,0.000220538370935254,9.02919584700733e-05,7.8675794038161e-05,0.00019687259655175,0.000100149765035081,0.000177793712996326,0.000148928459211389,0.000220538370935254,0.000290341430453364,0.000119762779280924,0.000220538370935254,9.02919584700733e-05,0.000119762779280924,0.00034492844028961,0.00019687259655175,0.324117625332968,9.02919584700734e-05,0.000148928459211389,0.000424793802362581,6.71561693457617e-05,0.00019687259655175,0.000220538370935254,0.00019687259655175
"11",0.000173877715356081,5.58987634546438e-05,5.7396631888982e-05,0.000131257687834219,7.06483252886408e-05,0.000257484085242193,0.000207578623885418,0.000257484085242193,0.00018923946551642,0.000229853699460148,0.000207578623885418,0.000229853699460148,7.56378121691625e-05,4.01729727913362e-05,0.000229853699460148,0.00018923946551642,0.000402712614341658,0.000292664918147065,0.000402712614341658,0.000207578623885418,0.000292664918147065,0.000100473302250619,0.000495957429784376,0.000338980909812478,8.13856121704908e-05,0.000229853699460148,0.000292664918147065,0.000402712614341658,0.000173877715356081,0.000292664918147065,0.000257484085242193,0.000402712614341658,0.000402712614341658,0.000402712614341658,0.000229853699460148,0.000338980909812478,0.000495957429784376,0.000160822729280286,0.000338980909812478,0.000292664918147065,0.000292664918147065,0.000257484085242193,0.000338980909812478,0.000173877715356081,0.000338980909812478,0.000292664918147065,0.000207578623885418,0.000139826051758878,0.000131257687834219,5.31259298990256e-05,0.000292664918147065,0.000173877715356081,0.000100473302250619,8.80788177835946e-05,0.000292664918147065,0.00018923946551642,0.000229853699460148,9.59715831228902e-05,0.000292664918147065,0.000131257687834219,0.000207578623885418,0.000257484085242193,0.142969028212727,0.000257484085242193,0.142673207583413,0.142496330979045,0.142496330979045,0.00018923946551642,0.000123678806701176,0.000338980909812478,5.58987634546438e-05,5.7396631888982e-05,0.000229853699460148,0.000402712614341658,0.000338980909812478,0.000338980909812478,0.000229853699460148,0.000257484085242193,0.000139826051758878,0.000338980909812478,0.000160822729280286,0.000402712614341658,0.000207578623885418,0.000338980909812478,0.000229853699460148,0.000229853699460148,0.000292664918147065,0.000257484085242193,0.000229853699460148,0.000257484085242193,0.000173877715356081,0.000292664918147065,0.000207578623885418,0.000257484085242193,0.000139826051758878,0.000257484085242193,0.000160822729280286,0.000229853699460148,0.000131257687834219,0.000402712614341658,0.115946591977992,0.139341280617049,0.000257484085242193,0.000229853699460148,0.00018923946551642,0.000338980909812478,0.000131257687834219,8.13856121704908e-05,8.13856121704908e-05,0.000338980909812478,0.000229853699460148,0.000495957429784376,0.000160822729280286,0.000116927365192377,5.0615185883115e-05,0.000105418128522489,0.000131257687834219,0.000207578623885418,0.142496330979045,0.000257484085242193,0.000116927365192377,0.000131257687834219,0.000292664918147065,0.000207578623885418,0.000257484085242193,0.000105418128522489,9.18559648949541e-05,0.000229853699460148,0.000116927365192377,0.000207578623885418,0.000173877715356081,0.000257484085242193,0.000338980909812478,0.000139826051758878,0.000257484085242193,0.000105418128522489,0.000139826051758878,0.000402712614341658,0.000229853699460148,0.000131257687834219,0.000105418128522489,0.000173877715356081,0.000495957429784376,7.8406513837176e-05,0.000229853699460148,0.000257484085242193,0.000229853699460148
"12",0.000167994506473891,5.40074106669315e-05,5.54545982370819e-05,0.000126816541403577,6.82579162934527e-05,0.000248772027723971,0.000200555133834985,0.000248772027723971,0.000182836486836219,0.000222076525004533,0.000200555133834985,0.102817342362655,7.3078582267437e-05,3.88137072301e-05,0.000222076525004533,0.000182836486836219,0.000389086702448276,0.00028276250573946,0.000389086702448276,0.000200555133834985,0.00028276250573946,9.70737554886128e-05,0.0988661736742939,0.000327511380808044,7.86319035918882e-05,0.000222076525004533,0.00028276250573946,0.000389086702448276,0.0174147431722542,0.00028276250573946,0.000248772027723971,0.000389086702448276,0.000389086702448276,0.000389086702448276,0.102817342362655,0.000327511380808044,0.000479176549324106,0.000155381240085296,0.000327511380808044,0.00028276250573946,0.00028276250573946,0.000248772027723971,0.000327511380808044,0.000167994506473891,0.000327511380808044,0.00028276250573946,0.000200555133834985,0.000135094991956392,0.000126816541403577,5.13283968338111e-05,0.00028276250573946,0.000167994506473891,9.70737554886128e-05,8.5098642422675e-05,0.00028276250573946,0.000182836486836219,0.000222076525004533,9.2724353487338e-05,0.00028276250573946,0.000126816541403577,0.10314808774918,0.102407080112605,0.000112971089875198,0.000248772027723971,0.000126816541403577,0.000135094991956392,0.000135094991956392,0.000182836486836219,0.000119494094171265,0.000327511380808044,5.40074106669315e-05,5.54545982370819e-05,0.000222076525004533,0.000389086702448276,0.000327511380808044,0.000327511380808044,0.000222076525004533,0.000248772027723971,0.000135094991956392,0.000327511380808044,0.000155381240085296,0.000389086702448276,0.000200555133834985,0.000327511380808044,0.000222076525004533,0.000222076525004533,0.00028276250573946,0.000248772027723971,0.000222076525004533,0.000248772027723971,0.000167994506473891,0.00028276250573946,0.000200555133834985,0.000248772027723971,0.104154093344126,0.102407080112605,0.000155381240085296,0.000222076525004533,0.000126816541403577,0.000389086702448276,0.000126816541403577,0.00028276250573946,0.000248772027723971,0.000222076525004533,0.000182836486836219,0.000327511380808044,0.000126816541403577,7.86319035918882e-05,7.86319035918882e-05,0.000327511380808044,0.000222076525004533,0.000479176549324106,0.000155381240085296,0.000112971089875198,4.89026046558347e-05,0.000101851271960121,0.000126816541403577,0.0825585812261106,0.000135094991956392,0.000248772027723971,0.0175098256163025,0.000126816541403577,0.00028276250573946,0.10314808774918,0.000248772027723971,0.000101851271960121,8.87479885367107e-05,0.000222076525004533,0.000112971089875198,0.000200555133834985,0.000167994506473891,0.000248772027723971,0.0339506731647135,0.000135094991956392,0.000248772027723971,0.000101851271960121,0.000135094991956392,0.000389086702448276,0.000222076525004533,0.000126816541403577,0.000101851271960121,0.000167994506473891,0.000479176549324106,7.57536040167097e-05,0.000222076525004533,0.000248772027723971,0.000222076525004533
"13",0.000266045591921263,8.55291868799982e-05,8.78210348802874e-05,0.000200833839934911,0.000108097092725029,0.00039396943839686,0.000317610441043018,0.00039396943839686,0.000289550190575463,0.000351692932029479,0.000317610441043018,0.000351692932029479,0.000115731371722733,6.14675796931217e-05,0.000351692932029479,0.000289550190575463,0.0006161796848853,0.000447798679799601,0.0006161796848853,0.000317610441043018,0.000447798679799601,0.000153731483731593,0.000758851056356016,0.000518665526610942,0.000124525925127503,0.000351692932029479,0.000447798679799601,0.0006161796848853,0.000266045591921263,0.000447798679799601,0.00039396943839686,0.0006161796848853,0.0006161796848853,0.0006161796848853,0.000351692932029479,0.000518665526610942,0.000758851056356016,0.000246070510635281,0.000518665526610942,0.000447798679799601,0.000447798679799601,0.00039396943839686,0.000518665526610942,0.000266045591921263,0.000518665526610942,0.000447798679799601,0.000317610441043018,0.000213944061951944,0.000200833839934911,0.0436487091274935,0.000447798679799601,0.000266045591921263,0.000153731483731593,0.000134767018102197,0.000447798679799601,0.427065295864266,0.000351692932029479,0.000146843524986867,0.000447798679799601,0.000200833839934911,0.000317610441043018,0.00039396943839686,0.000178907400644725,0.00039396943839686,0.000200833839934911,0.000213944061951944,0.000213944061951944,0.000289550190575463,0.000189237598789161,0.000518665526610942,8.55291868799982e-05,8.78210348802874e-05,0.000351692932029479,0.0006161796848853,0.000518665526610942,0.000518665526610942,0.000351692932029479,0.00039396943839686,0.000213944061951944,0.000518665526610942,0.000246070510635281,0.0006161796848853,0.000317610441043018,0.000518665526610942,0.000351692932029479,0.000351692932029479,0.000447798679799601,0.00039396943839686,0.000351692932029479,0.00039396943839686,0.000266045591921263,0.000447798679799601,0.000317610441043018,0.00039396943839686,0.000213944061951944,0.00039396943839686,0.000246070510635281,0.000351692932029479,0.000200833839934911,0.0006161796848853,0.000200833839934911,0.000447798679799601,0.00039396943839686,0.000351692932029479,0.000289550190575463,0.000518665526610942,0.000200833839934911,0.000124525925127503,0.000124525925127503,0.000518665526610942,0.000351692932029479,0.000758851056356016,0.000246070510635281,0.000178907400644725,0.0519629647773695,0.000161297428739286,0.000200833839934911,0.000317610441043018,0.000213944061951944,0.00039396943839686,0.000178907400644725,0.000200833839934911,0.000447798679799601,0.000317610441043018,0.00039396943839686,0.000161297428739286,0.000140546328791651,0.000351692932029479,0.000178907400644725,0.000317610441043018,0.428046072196402,0.00039396943839686,0.000518665526610942,0.000213944061951944,0.00039396943839686,0.000161297428739286,0.000213944061951944,0.0006161796848853,0.000351692932029479,0.000200833839934911,0.000161297428739286,0.000266045591921263,0.000758851056356016,0.000119967687300101,0.000351692932029479,0.00039396943839686,0.000351692932029479
"14",9.8970293371197e-05,3.18172861131958e-05,3.26698650539435e-05,7.47111948507861e-05,4.02126601771917e-05,0.000146558605297105,0.000118152675640218,0.000146558605297105,0.000107714121854049,0.000130831533077365,0.000118152675640218,0.000130831533077365,4.30526502203419e-05,0.981425857607885,0.000130831533077365,0.000107714121854049,0.000229221930504746,0.00016658335284171,0.000229221930504746,0.000118152675640218,0.00016658335284171,5.71888823093449e-05,0.000282296395629907,0.000192946174975165,4.63242681571514e-05,0.000130831533077365,0.00016658335284171,0.000229221930504746,9.8970293371197e-05,0.00016658335284171,0.000146558605297105,0.000229221930504746,0.000229221930504746,0.000229221930504746,0.000130831533077365,0.000192946174975165,0.000282296395629907,9.15394630360257e-05,0.000192946174975165,0.00016658335284171,0.00016658335284171,0.000146558605297105,0.000192946174975165,9.89702933711969e-05,0.000192946174975165,0.00016658335284171,0.000118152675640218,7.95882631375302e-05,7.4711194850786e-05,3.02390036409018e-05,0.00016658335284171,9.8970293371197e-05,5.71888823093449e-05,5.01340060627023e-05,0.00016658335284171,0.000107714121854049,0.000130831533077365,5.46265271401755e-05,0.00016658335284171,7.4711194850786e-05,0.000118152675640218,0.000146558605297105,6.65544495596341e-05,0.000146558605297105,7.4711194850786e-05,7.95882631375302e-05,7.95882631375302e-05,0.000107714121854049,7.03973350348424e-05,0.000192946174975165,3.18172861131958e-05,3.26698650539435e-05,0.000130831533077365,0.000229221930504746,0.000192946174975165,0.000192946174975165,0.000130831533077365,0.000146558605297105,7.95882631375302e-05,0.000192946174975165,9.15394630360257e-05,0.000229221930504746,0.000118152675640218,0.000192946174975165,0.000130831533077365,0.000130831533077365,0.00016658335284171,0.000146558605297105,0.000130831533077365,0.000146558605297105,9.89702933711969e-05,0.00016658335284171,0.000118152675640218,0.000146558605297105,7.95882631375302e-05,0.000146558605297105,9.15394630360257e-05,0.000130831533077365,7.4711194850786e-05,0.000229221930504746,7.47111948507861e-05,0.00016658335284171,0.000146558605297105,0.000130831533077365,0.000107714121854049,0.000192946174975165,7.4711194850786e-05,4.63242681571514e-05,4.63242681571514e-05,0.000192946174975165,0.000130831533077365,0.000282296395629907,9.15394630360257e-05,6.65544495596341e-05,2.880990117469e-05,6.00034517657837e-05,7.4711194850786e-05,0.000118152675640218,7.95882631375302e-05,0.000146558605297105,6.65544495596341e-05,7.47111948507861e-05,0.00016658335284171,0.000118152675640218,0.000146558605297105,6.00034517657837e-05,5.22839385997837e-05,0.000130831533077365,6.65544495596341e-05,0.000118152675640218,9.8970293371197e-05,0.000146558605297105,0.000192946174975165,7.95882631375302e-05,0.000146558605297105,6.00034517657837e-05,7.95882631375302e-05,0.000229221930504746,0.000130831533077365,7.4711194850786e-05,6.00034517657837e-05,9.89702933711969e-05,0.000282296395629907,4.46285808436507e-05,0.000130831533077365,0.000146558605297105,0.000130831533077365
"15",0.000218188187890854,7.01438357326664e-05,7.20234164409698e-05,0.000164707001105016,8.86521314170989e-05,0.000323100552906844,0.000260477334301786,0.000323100552906844,0.000237464680128243,0.000288428922950332,0.000260477334301786,0.000288428922950332,9.49131240850598e-05,5.04105320085442e-05,0.000288428922950332,0.000237464680128243,0.000505338682326563,0.000367246763157451,0.000505338682326562,0.000260477334301786,0.000367246763157451,0.000126077615550554,0.000622345725293511,0.00042536578244149,0.000102125676102324,0.000288428922950332,0.000367246763157451,0.000505338682326563,0.000218188187890854,0.000367246763157451,0.000323100552906844,0.000505338682326562,0.000505338682326562,0.000505338682326562,0.000288428922950332,0.00042536578244149,0.000622345725293511,0.000201806308539699,0.00042536578244149,0.000367246763157451,0.000367246763157451,0.000323100552906844,0.00042536578244149,0.000218188187890854,0.00042536578244149,0.000367246763157451,0.000260477334301786,0.000175458901048503,0.000164707001105016,6.6664381637101e-05,0.000367246763157451,0.000218188187890854,0.000126077615550554,0.000110524558045956,0.000367246763157451,0.000237464680128243,0.000288428922950332,0.000120428691898312,0.000367246763157451,0.000164707001105016,0.000260477334301786,0.000323100552906844,0.000146724782263967,0.000323100552906844,0.000164707001105016,0.000175458901048504,0.000175458901048504,0.000237464680128243,0.000155196740763302,0.00042536578244149,7.01438357326664e-05,7.20234164409698e-05,0.000288428922950332,0.000505338682326563,0.00042536578244149,0.00042536578244149,0.000288428922950332,0.000323100552906844,0.000175458901048504,0.000425365782441489,0.000201806308539699,0.000505338682326562,0.000260477334301786,0.00042536578244149,0.000288428922950332,0.000288428922950332,0.000367246763157451,0.000323100552906844,0.000288428922950332,0.000323100552906844,0.000218188187890854,0.000367246763157451,0.000260477334301786,0.000323100552906844,0.000175458901048504,0.000323100552906844,0.000201806308539699,0.000288428922950332,0.000164707001105016,0.000505338682326563,0.000164707001105016,0.000367246763157451,0.000323100552906844,0.000288428922950332,0.000237464680128243,0.00042536578244149,0.000164707001105016,0.000102125676102324,0.000102125676102324,0.00042536578244149,0.000288428922950332,0.000622345725293511,0.000201806308539699,0.000146724782263967,6.35138071890328e-05,0.000132282566435059,0.000164707001105016,0.000260477334301786,0.000175458901048504,0.291575593503521,0.000146724782263967,0.000164707001105016,0.000367246763157451,0.000260477334301786,0.000323100552906844,0.000132282566435059,0.478067453878721,0.000288428922950332,0.000146724782263967,0.000260477334301786,0.000218188187890854,0.000323100552906844,0.00042536578244149,0.189972134447385,0.000323100552906844,0.000132282566435059,0.000175458901048503,0.000505338682326562,0.000288428922950332,0.000164707001105016,0.000132282566435059,0.000218188187890854,0.000622345725293511,9.83873933352459e-05,0.000288428922950332,0.000323100552906844,0.000288428922950332
"16",0.00532183940375737,0.00171088193426641,0.00175672688477764,0.00401737700390025,0.00216231873394815,0.00788076233849829,0.00635331616653035,0.00788076233849829,0.00579201332539275,0.00703508481452821,0.00635331616653035,0.00703508481452821,0.00231503093074067,0.00122956589997275,0.00703508481452821,0.00579201332539275,0.0123257420020997,0.00895753484167233,0.0123257420020997,0.00635331616653035,0.00895753484167233,0.00307516565793357,0.0151796668538435,0.0103751188544616,0.00249095266095976,0.00703508481452821,0.00895753484167233,0.0123257420020997,0.00532183940375737,0.00895753484167233,0.00788076233849829,0.0123257420020997,0.0123257420020997,0.0123257420020997,0.00703508481452821,0.0103751188544616,0.0151796668538435,0.00492226813511386,0.0103751188544616,0.00895753484167233,0.00895753484167233,0.00788076233849829,0.0103751188544616,0.00532183940375737,0.0103751188544616,0.00895753484167233,0.00635331616653035,0.00427962715290066,0.00401737700390025,0.00162601438901411,0.00895753484167233,0.00532183940375737,0.00307516565793357,0.00269581022592328,0.00895753484167233,0.00579201332539275,0.00703508481452821,0.00293738246823883,0.00895753484167233,0.00401737700390025,0.00635331616653035,0.00788076233849829,0.00357877177178221,0.00788076233849829,0.00401737700390025,0.00427962715290066,0.00427962715290066,0.00579201332539275,0.00378541175080487,0.0103751188544616,0.00171088193426641,0.00175672688477764,0.00703508481452821,0.0123257420020997,0.0103751188544616,0.0103751188544616,0.00703508481452821,0.00788076233849829,0.00427962715290066,0.0103751188544616,0.00492226813511386,0.0123257420020997,0.00635331616653035,0.0103751188544616,0.00703508481452821,0.00703508481452821,0.00895753484167233,0.00788076233849829,0.00703508481452821,0.00788076233849829,0.00532183940375737,0.00895753484167233,0.00635331616653035,0.00788076233849829,0.00427962715290066,0.00788076233849829,0.00492226813511386,0.00703508481452821,0.00401737700390025,0.0123257420020997,0.00401737700390025,0.00895753484167233,0.00788076233849829,0.00703508481452821,0.00579201332539275,0.0103751188544616,0.00401737700390025,0.00249095266095976,0.00249095266095976,0.0103751188544616,0.00703508481452821,0.0151796668538435,0.00492226813511386,0.00357877177178221,0.0015491685642961,0.00322651093668008,0.00401737700390025,0.00635331616653035,0.00427962715290066,0.00788076233849829,0.00357877177178221,0.00401737700390025,0.00895753484167233,0.00635331616653035,0.00788076233849829,0.00322651093668008,0.00281141658922209,0.00703508481452821,0.00357877177178221,0.00635331616653035,0.00532183940375737,0.00788076233849829,0.0103751188544616,0.00427962715290066,0.00788076233849829,0.00322651093668008,0.00427962715290066,0.0123257420020997,0.00703508481452821,0.00401737700390025,0.00322651093668008,0.00532183940375737,0.0151796668538435,0.00239977201216049,0.00703508481452821,0.00788076233849829,0.00703508481452821
"17",0.106760987455476,5.23280831297804e-05,5.37302712839624e-05,0.0001228732582964,6.61354779642563e-05,0.000241036613056413,0.000194318994112547,0.000241036613056413,0.000177151297649247,0.000215171190733003,0.000194318994112547,0.000215171190733004,7.08062482661921e-05,3.76068186463758e-05,0.000215171190733003,0.000177151297649247,0.000376988288440052,0.000273970177862633,0.000376988288440052,0.000194318994112547,0.000273970177862633,9.40553061922367e-05,0.000464276846403712,0.000317327613918844,7.61868924467544e-05,0.000215171190733003,0.000273970177862633,0.000376988288440052,0.000162770819625589,0.000273970177862633,0.000241036613056413,0.000376988288440052,0.000376988288440052,0.000376988288440052,0.000215171190733004,0.000317327613918844,0.000464276846403712,0.000150549755072227,0.000317327613918844,0.000273970177862633,0.000273970177862633,0.000241036613056413,0.000317327613918844,0.000162770819625589,0.104225871574278,0.000273970177862633,0.000194318994112547,0.000130894295471928,0.0001228732582964,4.97323715999331e-05,0.000273970177862633,0.106760987455476,0.107888092803294,0.108078406833953,0.0301777048058312,0.000177151297649247,0.000215171190733003,8.984114619684e-05,0.000273970177862633,0.0001228732582964,0.000194318994112547,0.000241036613056413,0.000109458322649615,0.000241036613056413,0.0001228732582964,0.000130894295471928,0.000130894295471928,0.000177151297649247,0.107531778420295,0.000317327613918844,5.23280831297804e-05,5.37302712839624e-05,0.000215171190733004,0.000376988288440052,0.104225871574278,0.000317327613918844,0.000215171190733004,0.000241036613056413,0.000130894295471928,0.000317327613918844,0.000150549755072227,0.000376988288440052,0.000194318994112547,0.000317327613918844,0.000215171190733003,0.000215171190733004,0.000273970177862633,0.000241036613056413,0.105901491025167,0.000241036613056413,0.000162770819625589,0.000273970177862633,0.000194318994112547,0.000241036613056413,0.000130894295471928,0.000241036613056413,0.000150549755072228,0.000215171190733004,0.0001228732582964,0.000376988288440052,0.0001228732582964,0.000273970177862633,0.000241036613056413,0.000215171190733004,0.000177151297649247,0.000317327613918844,0.0001228732582964,7.61868924467544e-05,7.61868924467544e-05,0.000317327613918844,0.000215171190733003,0.000464276846403712,0.000150549755072228,0.000109458322649615,4.73820079521079e-05,9.86842686991925e-05,0.0001228732582964,0.000194318994112547,0.000130894295471928,0.000241036613056413,0.0897144472362011,0.0001228732582964,0.000273970177862633,0.000194318994112547,0.000241036613056413,9.86842686991925e-05,8.59884238922291e-05,0.000215171190733003,0.000109458322649615,0.000194318994112547,0.000162770819625589,0.000241036613056413,0.000317327613918844,0.000130894295471928,0.000241036613056413,9.86842686991925e-05,0.000130894295471928,0.000376988288440052,0.000215171190733003,0.0001228732582964,9.86842686991925e-05,0.000162770819625589,0.000464276846403712,7.33980918436073e-05,0.000215171190733004,0.000241036613056413,0.000215171190733003
"18",0.000100279602360277,3.22382069501171e-05,3.31020649245323e-05,7.56995726323511e-05,4.07446460453891e-05,0.000148497474959973,0.000119715754368493,0.000148497474959973,0.00010913910568698,0.000132562344379206,0.000119715754368493,0.000132562344379206,4.36222072057476e-05,2.31687524125532e-05,0.000132562344379206,0.00010913910568698,0.000232254379170717,0.000168787136157666,0.000232254379170717,0.000119715754368493,0.000168787136157666,5.79454519337498e-05,0.000286030983007525,0.000195498720316787,4.6937106400272e-05,0.000132562344379206,0.000168787136157666,0.000232254379170717,0.000100279602360277,0.000168787136157666,0.000148497474959973,0.000232254379170717,0.000232254379170717,0.000232254379170717,0.000132562344379206,0.191142610504082,0.000286030983007525,9.27504672447242e-05,0.000195498720316787,0.000168787136157666,0.000168787136157666,0.000148497474959973,0.000195498720316787,0.000100279602360277,0.000195498720316787,0.000168787136157666,0.000119715754368493,8.06411611820013e-05,7.56995726323511e-05,3.06390448849888e-05,0.000168787136157666,0.000100279602360277,5.79454519337498e-05,5.07972445210375e-05,0.000168787136157666,0.00010913910568698,0.000132562344379206,5.53491985660206e-05,0.000168787136157666,7.56995726323511e-05,0.000119715754368493,0.000148497474959973,6.74349192046506e-05,0.000148497474959973,7.56995726323511e-05,8.06411611820013e-05,8.06411611820013e-05,0.00010913910568698,7.13286434146481e-05,0.000195498720316787,3.22382069501171e-05,3.31020649245323e-05,0.000132562344379206,0.000232254379170717,0.000195498720316787,0.000195498720316787,0.000132562344379206,0.000148497474959973,8.06411611820013e-05,0.000195498720316787,9.27504672447242e-05,0.000232254379170717,0.000119715754368493,0.000195498720316787,0.000132562344379206,0.000132562344379206,0.000168787136157666,0.000148497474959973,0.000132562344379206,0.000148497474959973,0.000100279602360277,0.000168787136157666,0.000119715754368493,0.000148497474959973,8.06411611820013e-05,0.000148497474959973,9.27504672447243e-05,0.000132562344379206,0.394407072081273,0.000232254379170717,7.56995726323511e-05,0.000168787136157666,0.000148497474959973,0.000132562344379206,0.00010913910568698,0.000195498720316787,7.56995726323511e-05,4.6937106400272e-05,4.6937106400272e-05,0.000195498720316787,0.000132562344379206,0.000286030983007525,9.27504672447243e-05,6.74349192046506e-05,2.9191036374937e-05,6.07972562104986e-05,7.56995726323511e-05,0.000119715754368493,8.06411611820013e-05,0.000148497474959973,6.74349192046506e-05,7.56995726323511e-05,0.000168787136157666,0.000119715754368493,0.000148497474959973,6.07972562104986e-05,5.29756191885889e-05,0.000132562344379206,6.74349192046506e-05,0.000119715754368493,0.000100279602360277,0.000148497474959973,0.000195498720316787,8.06411611820013e-05,0.000148497474959973,6.07972562104986e-05,8.06411611820013e-05,0.000232254379170717,0.000132562344379206,7.56995726323511e-05,0.395939278675796,0.000100279602360277,0.000286030983007525,4.52189863085444e-05,0.000132562344379206,0.000148497474959973,0.000132562344379206
"19",0.00017781686669586,5.71651344125519e-05,5.86969366401762e-05,0.000134231294289938,7.22488434726071e-05,0.00026331731566667,0.00021228125994613,0.030843214202803,0.0310964835610767,0.0172965582429498,0.031028423296545,0.000235060971170197,7.73513657923739e-05,4.10830803302455e-05,0.000235060971170197,0.0114309655159616,0.000411835956749748,0.000299295160568093,0.000411835956749748,0.00021228125994613,0.0307126511341076,0.000102749497002557,0.000507193207583778,0.0154437118522633,8.32293806060469e-05,0.0309457560603735,0.0307126511341076,0.000411835956749748,0.00017781686669586,0.000299295160568093,0.0155532657592348,0.000411835956749748,0.0303042422440486,0.0303042422440486,0.000235060971170197,0.0154437118522633,0.0299581921867046,0.0312019437215945,0.0305407632763681,0.0307126511341076,0.000299295160568093,0.00026331731566667,0.0305407632763681,0.0311534940715125,0.000346660428158535,0.0307126511341076,0.0156203522782456,0.000142993772119098,0.0274144861990466,5.43294830829987e-05,0.000299295160568093,0.00017781686669586,0.000102749497002557,9.00742189330053e-05,0.000299295160568093,0.00019352663303873,0.0309457560603735,9.81457926785257e-05,0.000299295160568093,0.000134231294289938,0.00021228125994613,0.00026331731566667,0.000119576322169476,0.00790829153745075,0.000134231294289938,0.000142993772119098,0.000142993772119098,0.00019352663303873,0.000126480715710169,0.000346660428158535,5.71651344125519e-05,5.86969366401762e-05,0.000235060971170197,0.000411835956749748,0.000346660428158535,0.000346660428158535,0.000235060971170197,0.00026331731566667,0.000142993772119098,0.000346660428158535,0.000164466123537072,0.000411835956749748,0.00021228125994613,0.000346660428158535,0.010471959334238,0.000235060971170197,0.000299295160568093,0.00026331731566667,0.000235060971170197,0.00026331731566667,0.00017781686669586,0.000299295160568093,0.00021228125994613,0.00026331731566667,0.000142993772119098,0.00026331731566667,0.000164466123537072,0.000235060971170197,0.000134231294289938,0.000411835956749748,0.000134231294289938,0.000299295160568093,0.00026331731566667,0.000235060971170197,0.00019352663303873,0.000346660428158535,0.000134231294289938,8.32293806060469e-05,8.32293806060469e-05,0.000346660428158535,0.0309457560603735,0.000507193207583778,0.000164466123537072,0.0313648481489091,5.17618588588689e-05,0.00010780634693999,0.000134231294289938,0.00637550966726592,0.000142993772119098,0.00026331731566667,0.000119576322169476,0.0118257691106142,0.0307126511341076,0.00021228125994613,0.00026331731566667,0.00010780634693999,9.39369362629163e-05,0.0309457560603735,0.00706297006144496,0.031028423296545,0.00017781686669586,0.030843214202803,0.000346660428158535,0.0188251174498308,0.00026331731566667,0.00010780634693999,0.0312798665683052,0.0303042422440486,0.0309457560603735,0.000134231294289938,0.00010780634693999,0.00017781686669586,0.000507193207583778,8.01827916275566e-05,0.000235060971170197,0.0155532657592348,0.010471959334238
"20",0.000197019688323789,6.33385188605998e-05,6.50357436687301e-05,0.000148727217252885,8.00511497431457e-05,0.000291753512627337,0.000235205964702456,0.000291753512627337,0.000214425985746664,0.000260445705391105,0.000235205964702456,0.000260445705391105,8.57047043006282e-05,4.55197295534992e-05,0.000260445705391105,0.000214425985746664,0.000456310997640889,0.000331616681519881,0.000456310997640889,0.000235205964702456,0.000331616681519881,0.000113845633718734,0.000561966080805007,0.000384097025097203,9.22174984358058e-05,0.000260445705391105,0.000331616681519881,0.000456310997640889,0.000197019688323789,0.000331616681519881,0.000291753512627337,0.000456310997640889,0.000456310997640889,0.000456310997640889,0.000260445705391105,0.000384097025097203,0.000561966080805007,0.000182227170015982,0.000384097025097203,0.000331616681519881,0.000331616681519881,0.000291753512627337,0.000384097025097203,0.000197019688323789,0.000384097025097203,0.000331616681519881,0.000235205964702456,0.963137460071141,0.000148727217252885,6.0196639512905e-05,0.000331616681519881,0.000197019688323789,0.000113845633718734,9.9801525411777e-05,0.000331616681519881,0.000214425985746664,0.000260445705391105,0.000108744765573268,0.000331616681519881,0.000148727217252885,0.000235205964702456,0.000291753512627337,0.000132489623523906,0.000291753512627337,0.000148727217252884,0.000158435973699471,0.000158435973699471,0.000214425985746664,0.000140139637207809,0.000384097025097203,6.33385188605998e-05,6.50357436687301e-05,0.000260445705391105,0.000456310997640889,0.000384097025097203,0.000384097025097203,0.000260445705391105,0.000291753512627337,0.000158435973699471,0.000384097025097203,0.000182227170015982,0.000456310997640889,0.000235205964702456,0.000384097025097203,0.000260445705391105,0.000260445705391105,0.000331616681519881,0.000291753512627337,0.000260445705391105,0.000291753512627337,0.000197019688323789,0.000331616681519881,0.000235205964702456,0.000291753512627337,0.000158435973699471,0.000291753512627337,0.000182227170015982,0.000260445705391105,0.000148727217252885,0.000456310997640889,0.000148727217252885,0.000331616681519881,0.000291753512627337,0.000260445705391105,0.000214425985746664,0.000384097025097203,0.000148727217252885,9.22174984358058e-05,9.22174984358058e-05,0.000384097025097203,0.000260445705391105,0.000561966080805007,0.000182227170015982,0.000132489623523906,5.73517320878073e-05,0.000119448583636175,0.000148727217252885,0.000235205964702456,0.000158435973699471,0.000291753512627337,0.000132489623523906,0.000148727217252885,0.000331616681519881,0.000235205964702456,0.000291753512627337,0.000119448583636175,0.000104081385801645,0.000260445705391105,0.000132489623523906,0.000235205964702456,0.000197019688323789,0.000291753512627337,0.000384097025097203,0.000158435973699471,0.000291753512627337,0.000119448583636175,0.000158435973699471,0.000456310997640889,0.000260445705391105,0.000148727217252885,0.000119448583636175,0.000197019688323789,0.000561966080805007,8.88419018338283e-05,0.000260445705391105,0.000291753512627337,0.000260445705391105
"21",0.000158667495782222,5.1008933470904e-05,5.23757735688486e-05,0.000119775720472116,6.44682547835446e-05,0.000234960270357188,0.00018942036569994,0.000234960270357188,0.000172685453309336,0.00020974689490792,0.00018942036569994,0.00020974689490792,6.90212786540813e-05,3.66587804416176e-05,0.27524655226732,0.000172685453309336,0.000367484711348135,0.000267063605998086,0.000367484711348135,0.00018942036569994,0.000267063605998086,9.16842461866315e-05,0.000452572793686193,0.000309328035325167,7.42662810432613e-05,0.00020974689490792,0.000267063605998086,0.000367484711348135,0.000158667495782222,0.000267063605998086,0.13716766602687,0.000367484711348135,0.000367484711348135,0.000367484711348135,0.00020974689490792,0.000309328035325167,0.000452572793686193,0.000146754514616832,0.000309328035325167,0.000267063605998086,0.000267063605998086,0.000234960270357188,0.000309328035325167,0.000158667495782222,0.000309328035325167,0.000267063605998086,0.00018942036569994,0.000127594553633642,0.000119775720472116,4.84786577792212e-05,0.000267063605998086,0.000158667495782222,9.16842461866315e-05,8.03739882397348e-05,0.000267063605998086,0.000172685453309336,0.00020974689490792,8.75763218373332e-05,0.000267063605998086,0.000119775720472116,0.00018942036569994,0.000234960270357188,0.000106698964760921,0.000234960270357188,0.000119775720472116,0.000127594553633642,0.000127594553633642,0.000172685453309336,0.000112859813578882,0.000309328035325167,5.1008933470904e-05,5.23757735688486e-05,0.00020974689490792,0.000367484711348135,0.000309328035325167,0.000309328035325167,0.00020974689490792,0.000234960270357188,0.000127594553633642,0.000309328035325167,0.000146754514616832,0.000367484711348135,0.00018942036569994,0.000309328035325167,0.00020974689490792,0.00020974689490792,0.000267063605998086,0.000234960270357188,0.00020974689490792,0.000234960270357188,0.000158667495782222,0.000267063605998086,0.00018942036569994,0.000234960270357188,0.000127594553633642,0.000234960270357188,0.000146754514616832,0.00020974689490792,0.000119775720472116,0.000367484711348135,0.000119775720472116,0.000267063605998086,0.000234960270357188,0.00020974689490792,0.276931336645052,0.000309328035325167,0.000119775720472116,7.42662810432613e-05,7.42662810432613e-05,0.000309328035325167,0.00020974689490792,0.000452572793686193,0.000146754514616832,0.000106698964760921,4.61875449431748e-05,9.61965162036894e-05,0.000119775720472116,0.00018942036569994,0.000127594553633642,0.000234960270357188,0.000106698964760921,0.000119775720472116,0.000267063605998086,0.00018942036569994,0.000234960270357188,9.61965162036893e-05,8.38207236200171e-05,0.00020974689490792,0.000106698964760921,0.00018942036569994,0.000158667495782222,0.000234960270357188,0.000309328035325167,0.000127594553633642,0.000234960270357188,9.61965162036893e-05,0.000127594553633642,0.000367484711348135,0.00020974689490792,0.000119775720472116,9.61965162036894e-05,0.000158667495782222,0.000452572793686193,0.281528976619893,0.00020974689490792,0.000234960270357188,0.00020974689490792
"22",0.000195492759141521,6.28476367886976e-05,6.45317078754387e-05,0.000147574561240924,7.94307425256901e-05,0.000289492383517602,0.000233383086723087,0.000289492383517601,0.000212764155409509,0.00025842721601402,0.000233383086723086,0.000258427216014021,8.50404812721193e-05,4.51669455042728e-05,0.00025842721601402,0.000212764155409509,0.000452774525806954,0.00032904660746968,0.000452774525806954,0.000233383086723087,0.00032904660746968,0.000112963314688195,0.000557610767813059,0.000381120221299405,9.15028003735188e-05,0.00025842721601402,0.00032904660746968,0.000452774525806954,0.000195492759141521,0.00032904660746968,0.000289492383517601,0.000452774525806954,0.000452774525806954,0.000452774525806954,0.000258427216014021,0.000381120221299405,0.000557610767813059,0.000180814884847597,0.000381120221299405,0.00032904660746968,0.00032904660746968,0.000289492383517602,0.000381120221299405,0.000195492759141521,0.000381120221299405,0.00032904660746968,0.000233383086723086,0.000157208073514363,0.000147574561240924,5.97301074301028e-05,0.00032904660746968,0.000195492759141521,0.000112963314688195,9.90280501165787e-05,0.00032904660746968,0.000212764155409509,0.00025842721601402,0.000107901978959476,0.00032904660746968,0.000147574561240924,0.000233383086723087,0.000289492383517602,0.000131462811055429,0.000289492383517601,0.000147574561240924,0.000157208073514363,0.000157208073514363,0.210153610297306,0.000139053536100526,0.000381120221299405,6.28476367886976e-05,6.45317078754387e-05,0.000258427216014021,0.000452774525806954,0.000381120221299405,0.000381120221299405,0.000258427216014021,0.000289492383517601,0.000157208073514363,0.000381120221299405,0.000180814884847597,0.000452774525806954,0.000233383086723086,0.000381120221299405,0.00025842721601402,0.000258427216014021,0.00032904660746968,0.000289492383517602,0.00025842721601402,0.000289492383517602,0.210630367885842,0.00032904660746968,0.000233383086723086,0.000289492383517601,0.000157208073514363,0.000289492383517602,0.000180814884847597,0.000258427216014021,0.000147574561240924,0.000452774525806954,0.000147574561240924,0.00032904660746968,0.000289492383517602,0.000258427216014021,0.000212764155409509,0.000381120221299405,0.000147574561240924,9.15028003735188e-05,9.15028003735188e-05,0.000381120221299405,0.00025842721601402,0.000557610767813059,0.000180814884847597,0.000131462811055429,5.69072484216136e-05,0.000118522840987375,0.000147574561240924,0.000233383086723087,0.000157208073514363,0.000289492383517601,0.000131462811055429,0.13252602557133,0.00032904660746968,0.000233383086723087,0.000289492383517602,0.000118522840987375,0.000103274741010641,0.00025842721601402,0.000131462811055429,0.000233383086723086,0.000195492759141521,0.000289492383517601,0.000381120221299405,0.000157208073514363,0.000289492383517601,0.000118522840987375,0.000157208073514363,0.000452774525806954,0.00025842721601402,0.000147574561240924,0.000118522840987375,0.210630367885842,0.200634505020965,8.81533651009138e-05,0.000258427216014021,0.000289492383517601,0.00025842721601402
"23",0.000154677093277695,4.97260861248104e-05,5.10585509266476e-05,0.000116763425278339,6.28469127179722e-05,0.000229051145449938,0.000184656544994439,0.000229051145449938,0.000168342506683854,0.000204471872883837,0.000184656544994439,0.000204471872883837,6.72854304776852e-05,3.57368317553667e-05,0.000204471872883837,0.000168342506683854,0.000358242667756852,0.000260347099400506,0.160277820526249,0.000184656544994439,0.000260347099400506,8.937843651966e-05,0.000441190830414491,0.000301548600975386,7.23985238670613e-05,0.000204471872883837,0.000260347099400506,0.000358242667756852,0.000154677093277695,0.000260347099400506,0.000229051145449938,0.160277820526249,0.000358242667756852,0.000358242667756852,0.000204471872883837,0.000301548600975386,0.000441190830414491,0.000143063717205612,0.000301548600975386,0.000260347099400506,0.000260347099400506,0.000229051145449938,0.000301548600975386,0.000154677093277695,0.000301548600975386,0.000260347099400506,0.000184656544994439,0.0001243856189752,0.000116763425278339,4.7259445511046e-05,0.000260347099400506,0.000154677093277695,8.937843651966e-05,7.83526255000665e-05,0.000260347099400506,0.000168342506683854,0.000204471872883837,8.53738242667115e-05,0.000260347099400506,0.000116763425278339,0.000184656544994439,0.000229051145449938,0.000104015542966725,0.000229051145449938,0.000116763425278339,0.0001243856189752,0.0001243856189752,0.000168342506683854,0.000110021449737911,0.000301548600975386,4.97260861248104e-05,5.10585509266476e-05,0.000204471872883837,0.000358242667756852,0.000301548600975386,0.000301548600975386,0.000204471872883837,0.000229051145449938,0.0001243856189752,0.161835154657749,0.16618858937911,0.160277820526249,0.000184656544994439,0.000301548600975386,0.000204471872883837,0.000204471872883837,0.000260347099400506,0.000229051145449938,0.000204471872883837,0.000229051145449938,0.000154677093277695,0.000260347099400506,0.000184656544994439,0.000229051145449938,0.0001243856189752,0.000229051145449938,0.000143063717205612,0.000204471872883837,0.000116763425278339,0.000358242667756852,0.000116763425278339,0.000260347099400506,0.000229051145449938,0.000204471872883837,0.000168342506683854,0.000301548600975386,0.000116763425278339,7.23985238670613e-05,7.23985238670613e-05,0.000301548600975386,0.000204471872883837,0.000441190830414491,0.000143063717205612,0.000104015542966725,4.50259529352428e-05,9.37772253634731e-05,0.000116763425278339,0.000184656544994439,0.0001243856189752,0.000229051145449938,0.000104015542966725,0.000116763425278339,0.000260347099400506,0.000184656544994439,0.000229051145449938,9.37772253634731e-05,8.17126773323032e-05,0.000204471872883837,0.000104015542966725,0.000184656544994439,0.000154677093277695,0.000229051145449938,0.000301548600975386,0.0001243856189752,0.16382659341574,9.37772253634731e-05,0.0001243856189752,0.000358242667756852,0.000204471872883837,0.000116763425278339,9.37772253634731e-05,0.000154677093277695,0.000441190830414491,6.97483954717008e-05,0.000204471872883837,0.000229051145449938,0.000204471872883837
"24",0.000171427027865429,0.127210863323192,0.127183748176644,0.0472733845274529,6.96525854569678e-05,0.000253855023142702,0.000204652945135609,0.000253855023142702,0.000186572264662481,0.000226614068753054,0.000204652945135609,0.000226614068753054,0.126853537415029,3.96067622123647e-05,0.000226614068753054,0.000186572264662481,0.000397036655439889,0.000288540006266398,0.000397036655439889,0.000204652945135609,0.000288540006266398,9.90571997646515e-05,0.000488967248974954,0.000334203205702749,8.02385376229745e-05,0.000226614068753054,0.000288540006266398,0.000397036655439889,0.000171427027865429,0.000288540006266398,0.000253855023142702,0.000397036655439889,0.000397036655439889,0.000397036655439889,0.000226614068753054,0.000334203205702749,0.000488967248974954,0.000158556042890645,0.000334203205702749,0.000288540006266398,0.000288540006266398,0.000253855023142702,0.000334203205702749,0.000171427027865429,0.000334203205702749,0.000288540006266398,0.000204652945135609,0.0001378552991802,0.015844066642808,5.23771562475767e-05,0.000288540006266398,0.000171427027865429,9.90571997646515e-05,8.68374070801495e-05,0.000288540006266398,0.000186572264662481,0.000226614068753054,9.46189292895014e-05,0.000288540006266398,0.000129407700485533,0.000204652945135609,0.000253855023142702,0.000115279353941453,0.000253855023142702,0.000129407700485533,0.0001378552991802,0.0001378552991802,0.000186572264662481,0.000121935638499198,0.000334203205702749,0.127210863323192,0.127183748176644,0.000226614068753054,0.000397036655439889,0.000334203205702749,0.000334203205702749,0.000226614068753054,0.000253855023142702,0.0001378552991802,0.000334203205702749,0.000158556042890645,0.000397036655439889,0.124465080349433,0.000334203205702749,0.000226614068753054,0.000226614068753054,0.000288540006266398,0.000253855023142702,0.000226614068753054,0.000253855023142702,0.000171427027865429,0.000288540006266398,0.000204652945135609,0.000253855023142702,0.0001378552991802,0.000253855023142702,0.000158556042890645,0.000226614068753054,0.000129407700485533,0.000397036655439889,0.0237013961139692,0.000288540006266398,0.000253855023142702,0.000226614068753054,0.000186572264662481,0.122086371940901,0.000129407700485533,8.02385376229745e-05,8.02385376229745e-05,0.000334203205702749,0.000226614068753054,0.000488967248974954,0.000158556042890645,0.000115279353941453,4.99017994515834e-05,0.000103932332091768,0.000129407700485533,0.000204652945135609,0.0001378552991802,0.000253855023142702,0.000115279353941453,0.000129407700485533,0.000288540006266398,0.000204652945135609,0.000253855023142702,0.000103932332091768,9.05613178859985e-05,0.000226614068753054,0.000115279353941453,0.000204652945135609,0.000171427027865429,0.000253855023142702,0.000334203205702749,0.0001378552991802,0.000253855023142702,0.000103932332091768,0.0001378552991802,0.000397036655439889,0.000226614068753054,0.000129407700485533,0.000103932332091768,0.000171427027865429,0.000488967248974954,7.7301427643394e-05,0.000226614068753054,0.000253855023142702,0.000226614068753054
"25",0.000163897383441446,5.26902544645614e-05,5.41021473953192e-05,0.000123723684478756,0.020307411801099,0.000242704867398259,0.000195663908071969,0.000242704867398259,0.000178377391136537,0.000216660426200714,0.000195663908071969,0.000216660426200714,7.1296310043953e-05,3.78671016701633e-05,0.000216660426200714,0.000178377391136537,0.000379597486856178,0.00027586637086402,0.000379597486856178,0.000195663908071969,0.00027586637086402,9.47062785525731e-05,0.000467490183394346,0.000319523890920063,7.67141945545312e-05,0.000216660426200714,0.00027586637086402,0.000379597486856178,0.000163897383441446,0.00027586637086402,0.000242704867398259,0.000379597486856178,0.000379597486856178,0.000379597486856178,0.000216660426200714,0.000319523890920063,0.000467490183394346,0.000151591734875123,0.000319523890920063,0.00027586637086402,0.00027586637086402,0.000242704867398259,0.000319523890920063,0.000163897383441446,0.000319523890920063,0.00027586637086402,0.000195663908071969,0.000131800236581766,0.000123723684478756,5.0076577585073e-05,0.117664190690461,0.000163897383441446,9.47062785525731e-05,8.30232197483395e-05,0.00027586637086402,0.000178377391136537,0.000216660426200714,0.121072679318657,0.117664190690461,0.000123723684478756,0.000195663908071969,0.000242704867398259,0.000110215901839332,0.000242704867398259,0.000123723684478756,0.000131800236581766,0.000131800236581766,0.000178377391136537,0.000116579820271801,0.000319523890920063,5.26902544645614e-05,5.41021473953192e-05,0.000216660426200714,0.000379597486856178,0.000319523890920063,0.000319523890920063,0.000216660426200714,0.118273837524056,0.000131800236581766,0.000319523890920063,0.000151591734875123,0.000379597486856178,0.000195663908071969,0.000319523890920063,0.000216660426200714,0.000216660426200714,0.00027586637086402,0.000242704867398259,0.000216660426200714,0.000242704867398259,0.000163897383441446,0.117664190690461,0.119138646682427,0.118273837524056,0.000131800236581766,0.000242704867398259,0.000151591734875123,0.000216660426200714,0.000123723684478756,0.000379597486856178,0.000123723684478756,0.00027586637086402,0.000242704867398259,0.000216660426200714,0.000178377391136537,0.000319523890920063,0.000123723684478756,7.67141945545312e-05,7.67141945545312e-05,0.000319523890920063,0.000216660426200714,0.000467490183394346,0.000151591734875123,0.000110215901839332,4.77099466809556e-05,0.120908980622073,0.000123723684478756,0.000195663908071969,0.000131800236581766,0.000242704867398259,0.000110215901839332,0.000123723684478756,0.00027586637086402,0.000195663908071969,0.000242704867398259,9.93672788761185e-05,8.65835640233805e-05,0.000216660426200714,0.000110215901839332,0.000195663908071969,0.000163897383441446,0.000242704867398259,0.000319523890920063,0.000131800236581766,0.000242704867398259,9.93672788761185e-05,0.000131800236581766,0.000379597486856178,0.000216660426200714,0.000123723684478756,9.93672788761185e-05,0.000163897383441446,0.000467490183394346,7.39060922002694e-05,0.000216660426200714,0.000242704867398259,0.000216660426200714
